gs://turners-car-images/Sedan/A3-sedan-1.jpg,sedan
gs://turners-car-images/Sedan/A3-sedan-2.jpg,sedan
gs://turners-car-images/Sedan/A3-sedan-3.jpg,sedan
gs://turners-car-images/Sedan/A3-sedan-4.jpg,sedan
gs://turners-car-images/Sedan/A3-sedan-5.jpg,sedan
gs://turners-car-images/Sedan/A3-sedan-6.jpg,sedan
gs://turners-car-images/Sedan/audi-sedan-1.jpg,sedan
gs://turners-car-images/Sedan/audi-sedan-2.jpg,sedan
gs://turners-car-images/Sedan/audi-sedan-3.jpg,sedan
gs://turners-car-images/Sedan/audi-sedan-4.jpg,sedan
gs://turners-car-images/Sedan/audi-sedan-5.jpg,sedan
gs://turners-car-images/Sedan/audi-sedan-6.jpg,sedan
gs://turners-car-images/Sedan/maxda-sedan-1.jpg,sedan
gs://turners-car-images/Sedan/maxda-sedan-2.jpg,sedan
gs://turners-car-images/Sedan/maxda-sedan-3.jpg,sedan
gs://turners-car-images/Sedan/maxda-sedan-4.jpg,sedan
gs://turners-car-images/Sedan/toyota-corolla-1.jpg,sedan
gs://turners-car-images/Sedan/toyota-corolla-2.jpg,sedan
gs://turners-car-images/Sedan/toyota-corolla-3.jpg,sedan
gs://turners-car-images/Sedan/toyota-corolla-4.jpg,sedan
gs://turners-car-images/Sedan/toyota-corolla-5.jpg,sedan
gs://turners-car-images/SUV/citroen-suv-1.jpg,suv
gs://turners-car-images/SUV/citroen-suv-2.jpg,suv
gs://turners-car-images/SUV/citroen-suv-3.jpg,suv
gs://turners-car-images/SUV/citroen-suv-4.jpg,suv
gs://turners-car-images/SUV/citroen-suv-5.jpg,suv
gs://turners-car-images/SUV/compact-suv-1.jpg,suv
gs://turners-car-images/SUV/compact-suv-2.jpg,suv
gs://turners-car-images/SUV/compact-suv-3.jpg,suv
gs://turners-car-images/SUV/honda-suv-1.jpg,suv
gs://turners-car-images/SUV/honda-suv-2.jpg,suv
gs://turners-car-images/SUV/honda-suv-3.jpg,suv
gs://turners-car-images/SUV/honda-suv-4.jpg,suv
gs://turners-car-images/SUV/honda-suv-5.jpg,suv
gs://turners-car-images/SUV/maybach-suv-1.jpg,suv
gs://turners-car-images/SUV/maybach-suv-2.jpg,suv
gs://turners-car-images/SUV/maybach-suv-3.jpg,suv
gs://turners-car-images/SUV/maybach-suv-4.jpg,suv
gs://turners-car-images/SUV/maybach-suv-5.jpg,suv
gs://turners-car-images/SUV/tayron-suv-1.jpg,suv
gs://turners-car-images/SUV/tayron-suv-2.jpg,suv
gs://turners-car-images/SUV/tayron-suv-3.jpg,suv
gs://turners-car-images/SUV/yukon-suv-1.jpg,suv
gs://turners-car-images/SUV/yukon-suv-2.jpg,suv
gs://turners-car-images/SUV/yukon-suv-3.jpg,suv
gs://turners-car-images/Truck/bronco-truck-1.jpg,truck
gs://turners-car-images/Truck/bronco-truck-2.jpg,truck
gs://turners-car-images/Truck/bronco-truck-3.jpg,truck
gs://turners-car-images/Truck/nissan-truck-1.jpg,truck
gs://turners-car-images/Truck/nissan-truck-2.jpg,truck
gs://turners-car-images/Truck/nissan-truck-3.jpg,truck
gs://turners-car-images/Truck/raptor-truck-1.jpg,truck
gs://turners-car-images/Truck/raptor-truck-2.jpg,truck
gs://turners-car-images/Truck/raptor-truck-3.jpg,truck
gs://turners-car-images/Truck/raptor-truck-4.jpg,truck
gs://turners-car-images/Truck/raptor-truck-5.jpg,truck
gs://turners-car-images/Truck/raptor-truck-6.jpg,truck
gs://turners-car-images/Truck/riptide-truck-1.jpg,truck
gs://turners-car-images/Truck/riptide-truck-2.jpg,truck
gs://turners-car-images/Truck/silverado-truck-1.jpg,truck
gs://turners-car-images/Truck/silverado-truck-2.jpg,truck
gs://turners-car-images/Truck/tacoma-truck-1.jpg,truck
gs://turners-car-images/Truck/tacoma-truck-2.jpg,truck
gs://turners-car-images/Truck/tacoma-truck-3.jpg,truck
gs://turners-car-images/Truck/tacoma-truck-4.jpg,truck
gs://turners-car-images/Truck/tacoma-truck-5.jpg,truck
